{
  "properties": {
    "connectionReferences": {},
    "definition": {
      "$schema": "https://schema.management.azure.com/providers/Microsoft.Logic/schemas/2016-06-01/workflowdefinition.json#",
      "contentVersion": "1.0.0.0",
      "parameters": {
        "$authentication": {
          "defaultValue": {},
          "type": "SecureObject"
        }
      },
      "triggers": {
        "manual": {
          "metadata": {
            "operationMetadataId": "af405671-a93b-4ee5-91fc-9ee957199fe4"
          },
          "type": "Request",
          "kind": "Button",
          "inputs": {
            "schema": {
              "type": "object",
              "properties": {
                "text": {
                  "title": "Workspace Name",
                  "type": "string",
                  "x-ms-dynamically-added": true,
                  "description": "Please enter your input",
                  "x-ms-content-hint": "TEXT"
                },
                "text_1": {
                  "title": "Pipeline Name",
                  "type": "string",
                  "x-ms-dynamically-added": true,
                  "description": "Please enter your input",
                  "x-ms-content-hint": "TEXT"
                },
                "text_2": {
                  "title": "Container Name",
                  "type": "string",
                  "x-ms-dynamically-added": true,
                  "description": "Please enter your input",
                  "x-ms-content-hint": "TEXT"
                },
                "text_3": {
                  "title": "Bearer Token",
                  "type": "string",
                  "x-ms-dynamically-added": true,
                  "description": "Please enter your input",
                  "x-ms-content-hint": "TEXT"
                }
              },
              "required": [
                "text",
                "text_1",
                "text_2",
                "text_3"
              ]
            }
          }
        }
      },
      "actions": {
        "Try_-_Get_Queued_and_Running_Synapse_Pipelines": {
          "actions": {
            "Compose_-_Payload_for_HTTP_call": {
              "runAfter": {},
              "metadata": {
                "operationMetadataId": "be8777d9-99f6-4221-952a-31f6e5186f2f"
              },
              "type": "Compose",
              "inputs": {
                "lastUpdatedAfter": "@{formatDateTime(utcNow(),'yyyy-MM-dd')}T00:00:00.0000000Z",
                "lastUpdatedBefore": "@{addDays(utcNow(), 1, 'yyyy-MM-dd')}T00:00:00.0000000Z",
                "filters": [
                  {
                    "operand": "Status",
                    "operator": "In",
                    "values": [
                      "Queued",
                      "InProgress"
                    ]
                  }
                ]
              }
            },
            "HTTP_-_Query_Pipeline_Runs": {
              "runAfter": {
                "Compose_-_Payload_for_HTTP_call": [
                  "Succeeded"
                ]
              },
              "metadata": {
                "operationMetadataId": "894b55fc-cb40-4fab-bddc-1540af01e560"
              },
              "type": "Http",
              "inputs": {
                "method": "POST",
                "uri": "https://@{triggerBody()['text']}.dev.azuresynapse.net/queryPipelineRuns?api-version=2020-12-01",
                "headers": {
                  "Authorization": "@triggerBody()['text_3']"
                },
                "body": "@outputs('Compose_-_Payload_for_HTTP_call')"
              }
            },
            "Parse_JSON": {
              "runAfter": {
                "HTTP_-_Query_Pipeline_Runs": [
                  "Succeeded"
                ]
              },
              "metadata": {
                "operationMetadataId": "61b8c5f4-92f0-443e-8e53-ae525a5f1020"
              },
              "type": "ParseJson",
              "inputs": {
                "content": "@body('HTTP_-_Query_Pipeline_Runs')",
                "schema": {
                  "type": "object",
                  "properties": {
                    "value": {
                      "type": "array",
                      "items": {
                        "type": "object",
                        "properties": {
                          "id": {
                            "type": "string"
                          },
                          "runId": {
                            "type": "string"
                          },
                          "debugRunId": {},
                          "runGroupId": {
                            "type": "string"
                          },
                          "pipelineName": {
                            "type": "string"
                          },
                          "parameters": {
                            "type": "object",
                            "properties": {
                              "containerName": {
                                "type": "string"
                              },
                              "entityName": {
                                "type": "string"
                              },
                              "deleteDeltas": {
                                "type": "string"
                              },
                              "sparkpoolName": {
                                "type": "string"
                              }
                            }
                          },
                          "invokedBy": {
                            "type": "object",
                            "properties": {
                              "id": {
                                "type": "string"
                              },
                              "name": {
                                "type": "string"
                              },
                              "invokedByType": {
                                "type": "string"
                              }
                            }
                          },
                          "runStart": {
                            "type": "string"
                          },
                          "runEnd": {
                            "type": [
                              "null",
                              "string"
                            ]
                          },
                          "durationInMs": {
                            "type": [
                              "null",
                              "integer"
                            ]
                          },
                          "status": {
                            "type": "string"
                          },
                          "message": {
                            "type": [
                              "null",
                              "string"
                            ]
                          },
                          "pipelineReturnValue": {},
                          "lastUpdated": {
                            "type": "string"
                          },
                          "annotations": {
                            "type": "array"
                          },
                          "runDimension": {
                            "type": "object",
                            "properties": {}
                          },
                          "isLatest": {
                            "type": "boolean"
                          },
                          "cancelledBy": {
                            "type": "string"
                          }
                        },
                        "required": [
                          "id",
                          "runId",
                          "debugRunId",
                          "runGroupId",
                          "pipelineName",
                          "parameters",
                          "invokedBy",
                          "runStart",
                          "runEnd",
                          "durationInMs",
                          "status",
                          "message",
                          "pipelineReturnValue",
                          "lastUpdated",
                          "annotations",
                          "runDimension",
                          "isLatest"
                        ]
                      }
                    },
                    "continuationToken": {
                      "type": "string"
                    }
                  }
                }
              }
            },
            "Apply_to_each_-_Synapse_Pipelines": {
              "foreach": "@body('Parse_JSON')?['value']",
              "actions": {
                "Condition_-_Match_with_input_parameters": {
                  "actions": {
                    "Append_to_array_variable_-_List_of_Entities": {
                      "runAfter": {},
                      "metadata": {
                        "operationMetadataId": "b98e79ca-9940-4b85-9fec-ac4b46af5e16"
                      },
                      "type": "AppendToArrayVariable",
                      "inputs": {
                        "name": "List of Entities",
                        "value": "@items('Apply_to_each_-_Synapse_Pipelines')?['parameters']?['entityName']"
                      }
                    }
                  },
                  "runAfter": {},
                  "expression": {
                    "and": [
                      {
                        "equals": [
                          "@items('Apply_to_each_-_Synapse_Pipelines')?['pipelineName']",
                          "@triggerBody()['text_1']"
                        ]
                      },
                      {
                        "equals": [
                          "@items('Apply_to_each_-_Synapse_Pipelines')?['parameters']?['containerName']",
                          "@triggerBody()['text_2']"
                        ]
                      }
                    ]
                  },
                  "metadata": {
                    "operationMetadataId": "f46d25e4-a381-444b-9016-990248f434be"
                  },
                  "type": "If"
                }
              },
              "runAfter": {
                "Parse_JSON": [
                  "Succeeded"
                ]
              },
              "metadata": {
                "operationMetadataId": "874e0529-5e62-4555-b980-e081356c575a"
              },
              "type": "Foreach"
            },
            "Compose_-_Distinct_array": {
              "runAfter": {
                "Apply_to_each_-_Synapse_Pipelines": [
                  "Succeeded"
                ]
              },
              "metadata": {
                "operationMetadataId": "c2f5c889-b3a7-4cf5-b2ac-be8a4c3ce91f"
              },
              "type": "Compose",
              "inputs": "@union(variables('List of Entities'),variables('List of Entities'))"
            },
            "Compose_-_Array_to_comma_separated_string": {
              "runAfter": {
                "Compose_-_Distinct_array": [
                  "Succeeded"
                ]
              },
              "metadata": {
                "operationMetadataId": "4acf3a15-af66-4ec0-aa89-e69da2cc3a83"
              },
              "type": "Compose",
              "inputs": "@join(outputs('Compose_-_Distinct_array'),',')"
            },
            "Set_variable_-_Entities": {
              "runAfter": {
                "Compose_-_Array_to_comma_separated_string": [
                  "Succeeded"
                ]
              },
              "metadata": {
                "operationMetadataId": "0c12c2a6-d7ac-4a25-a2aa-32ef03efe9e9"
              },
              "type": "SetVariable",
              "inputs": {
                "name": "Entities",
                "value": "@{outputs('Compose_-_Array_to_comma_separated_string')}"
              }
            }
          },
          "runAfter": {
            "Initialize_variable_-_List_of_Entities": [
              "Succeeded"
            ]
          },
          "metadata": {
            "operationMetadataId": "a1410bb5-4ad8-4881-9cbf-27146415f091"
          },
          "type": "Scope"
        },
        "Catch_-_Handle_Exceptions": {
          "actions": {},
          "runAfter": {
            "Try_-_Get_Queued_and_Running_Synapse_Pipelines": [
              "Failed"
            ]
          },
          "metadata": {
            "operationMetadataId": "80bf0017-2781-48b3-874a-35b3c25abb39"
          },
          "type": "Scope"
        },
        "Finally_-_Response": {
          "actions": {
            "Respond_to_a_PowerApp_or_flow": {
              "runAfter": {},
              "metadata": {
                "operationMetadataId": "6a8d7d8c-c440-48c8-bbff-305c8d5f5b88"
              },
              "type": "Response",
              "kind": "PowerApp",
              "inputs": {
                "statusCode": 200,
                "body": {
                  "entities": "@variables('Entities')"
                },
                "schema": {
                  "type": "object",
                  "properties": {
                    "entities": {
                      "title": "Entities",
                      "x-ms-dynamically-added": true,
                      "type": "string"
                    }
                  }
                }
              }
            }
          },
          "runAfter": {
            "Catch_-_Handle_Exceptions": [
              "Succeeded",
              "Skipped"
            ]
          },
          "metadata": {
            "operationMetadataId": "7dc99a6e-0fda-48fe-81dd-b70f19585351"
          },
          "type": "Scope"
        },
        "Initialize_variable_-_Entities": {
          "runAfter": {},
          "metadata": {
            "operationMetadataId": "a7925a93-e329-4045-92b2-17fab26e1a92"
          },
          "type": "InitializeVariable",
          "inputs": {
            "variables": [
              {
                "name": "Entities",
                "type": "string"
              }
            ]
          }
        },
        "Initialize_variable_-_List_of_Entities": {
          "runAfter": {
            "Initialize_variable_-_Entities": [
              "Succeeded"
            ]
          },
          "metadata": {
            "operationMetadataId": "03c6586c-3d93-4e6a-a191-133d9099f4f6"
          },
          "type": "InitializeVariable",
          "inputs": {
            "variables": [
              {
                "name": "List of Entities",
                "type": "array"
              }
            ]
          }
        }
      }
    },
    "templateName": ""
  },
  "schemaVersion": "1.0.0.0"
}