{
  "properties": {
    "connectionReferences": {
      "shared_dynamicssmbsaas": {
        "runtimeSource": "embedded",
        "connection": {
          "connectionReferenceLogicalName": "bc2adls_shareddynamicssmbsaas_0c920"
        },
        "api": {
          "name": "shared_dynamicssmbsaas"
        }
      }
    },
    "definition": {
      "$schema": "https://schema.management.azure.com/providers/Microsoft.Logic/schemas/2016-06-01/workflowdefinition.json#",
      "contentVersion": "1.0.0.0",
      "parameters": {
        "$connections": {
          "defaultValue": {},
          "type": "Object"
        },
        "$authentication": {
          "defaultValue": {},
          "type": "SecureObject"
        }
      },
      "triggers": {
        "When_a_business_event_occurs_(V3)": {
          "splitOn": "@triggerOutputs()?['body/value']",
          "metadata": {
            "operationMetadataId": "457cf79a-368d-46a3-8c02-96c6ec0b9732"
          },
          "type": "OpenApiConnectionWebhook",
          "inputs": {
            "host": {
              "connectionName": "shared_dynamicssmbsaas",
              "operationId": "CreateBusinessEventSubscriptionV3",
              "apiId": "/providers/Microsoft.PowerApps/apis/shared_dynamicssmbsaas"
            },
            "parameters": {
              "bcenvironment": "PRODUCTION",
              "businessevent": "ExportOfEntityEnded(1688530c-452c-4b06-8947-ab4bf5b26053)",
              "company": ""
            },
            "authentication": "@parameters('$authentication')"
          }
        }
      },
      "actions": {
        "Initialize_variable_-_Set_workspace_name_for_Azure_Synapse": {
          "runAfter": {},
          "metadata": {
            "operationMetadataId": "4088f492-81c4-47dc-abd2-f6d2afa1ba0b"
          },
          "type": "InitializeVariable",
          "inputs": {
            "variables": [
              {
                "name": "Workspace Name",
                "type": "string"
              }
            ]
          }
        },
        "Initialize_variable_-_Set_pipeline_name_for_Azure_Synapse": {
          "runAfter": {
            "Initialize_variable_-_Set_workspace_name_for_Azure_Synapse": [
              "Succeeded"
            ]
          },
          "metadata": {
            "operationMetadataId": "ae3c234c-9533-403e-8c52-a89004efb4f9"
          },
          "type": "InitializeVariable",
          "inputs": {
            "variables": [
              {
                "name": "Pipeline Name",
                "type": "string",
                "value": "Consolidation_OneEntity"
              }
            ]
          }
        },
        "Initialize_variable_-_Set_option_for_delete_delta's": {
          "runAfter": {
            "Initialize_variable_-_Set_pipeline_name_for_Azure_Synapse": [
              "Succeeded"
            ]
          },
          "metadata": {
            "operationMetadataId": "5e906453-a594-4c56-aa33-465610fcabcb"
          },
          "type": "InitializeVariable",
          "inputs": {
            "variables": [
              {
                "name": "Delete Deltas",
                "type": "boolean",
                "value": "@true"
              }
            ]
          }
        },
        "Initialize_variable_-_Set_sparkpool_name_for_Azure_Synapse": {
          "runAfter": {
            "Initialize_variable_-_Set_option_for_delete_delta's": [
              "Succeeded"
            ]
          },
          "metadata": {
            "operationMetadataId": "ca8eeea4-34da-41a0-9823-de6aed06fc8b"
          },
          "type": "InitializeVariable",
          "inputs": {
            "variables": [
              {
                "name": "Sparkpool Name",
                "type": "string",
                "value": "default"
              }
            ]
          }
        },
        "Try_-_Enqueue_Azure_Synapse_Pipeline": {
          "actions": {
            "Condition_-_State_Success": {
              "actions": {
                "Run_a_Child_Flow_-_Get_Access_Token": {
                  "runAfter": {},
                  "metadata": {
                    "operationMetadataId": "ed713493-296c-4efa-b3ba-65a06607c638"
                  },
                  "type": "Workflow",
                  "inputs": {
                    "host": {
                      "workflowReferenceName": "a644c0e3-9d40-ee11-bdf3-0022489dbf1b"
                    }
                  }
                },
                "Run_a_Child_Flow_-_Get_Queued_and_Running_Synapse_Pipelines": {
                  "runAfter": {
                    "Run_a_Child_Flow_-_Get_Access_Token": [
                      "Succeeded"
                    ]
                  },
                  "metadata": {
                    "operationMetadataId": "097eb7e7-1fda-4588-9a4d-db598af263d5"
                  },
                  "type": "Workflow",
                  "inputs": {
                    "host": {
                      "workflowReferenceName": "68f101c6-a040-ee11-bdf3-0022489dbf1b"
                    },
                    "body": {
                      "text": "@variables('Workspace Name')",
                      "text_1": "@variables('Pipeline Name')",
                      "text_2": "@triggerOutputs()?['body/Container']",
                      "text_3": "@body('Run_a_Child_Flow_-_Get_Access_Token')?['bearer_token']"
                    }
                  }
                },
                "Compose_-_Create_array_from_comma_separated_string": {
                  "runAfter": {
                    "Run_a_Child_Flow_-_Get_Queued_and_Running_Synapse_Pipelines": [
                      "Succeeded"
                    ]
                  },
                  "metadata": {
                    "operationMetadataId": "59a32656-0cb9-4e39-8a8f-24579d569536"
                  },
                  "type": "Compose",
                  "inputs": "@split(outputs('Run_a_Child_Flow_-_Get_Queued_and_Running_Synapse_Pipelines')?['Body']?['entities'], ',')"
                },
                "Condition_-_Not_queued_or_running_Synapse_Pipeline_with_matching_Entity_Name": {
                  "actions": {
                    "Run_a_Child_Flow_-_Enqueue_Azure_Synapse_Pipeline": {
                      "runAfter": {},
                      "metadata": {
                        "operationMetadataId": "2b34dfc3-e3c3-4e8e-8f28-8b2f653a76c5"
                      },
                      "type": "Workflow",
                      "inputs": {
                        "host": {
                          "workflowReferenceName": "5a5cd755-b640-ee11-bdf3-0022489dbf1b"
                        },
                        "body": {
                          "text": "@variables('Workspace Name')",
                          "text_1": "@triggerOutputs()?['body/Container']",
                          "text_2": "@variables('Pipeline Name')",
                          "text_3": "@triggerOutputs()?['body/EntityName']",
                          "boolean": "@variables('Delete Deltas')",
                          "text_4": "@variables('Sparkpool Name')",
                          "text_5": "@body('Run_a_Child_Flow_-_Get_Access_Token')?['bearer_token']"
                        }
                      }
                    }
                  },
                  "runAfter": {
                    "Compose_-_Create_array_from_comma_separated_string": [
                      "Succeeded"
                    ]
                  },
                  "expression": {
                    "equals": [
                      "@contains(outputs('Compose_-_Create_array_from_comma_separated_string'),triggerOutputs()?['body/EntityName'])",
                      "@false"
                    ]
                  },
                  "metadata": {
                    "operationMetadataId": "cf383f00-635b-49e1-bafe-0946961bf85e"
                  },
                  "type": "If"
                }
              },
              "runAfter": {},
              "expression": {
                "equals": [
                  "@triggerOutputs()?['body/State']",
                  "Success"
                ]
              },
              "metadata": {
                "operationMetadataId": "2d39787c-88e4-481c-9c8e-4cbb325a6e64"
              },
              "type": "If"
            }
          },
          "runAfter": {
            "Initialize_variable_-_Set_sparkpool_name_for_Azure_Synapse": [
              "Succeeded"
            ]
          },
          "metadata": {
            "operationMetadataId": "2917cde8-2b3e-4871-8004-b67939bcfbbc"
          },
          "type": "Scope"
        },
        "Catch_-_Handle_Exceptions": {
          "actions": {},
          "runAfter": {
            "Try_-_Enqueue_Azure_Synapse_Pipeline": [
              "Succeeded"
            ]
          },
          "metadata": {
            "operationMetadataId": "4af09ea9-2aff-4e1f-9b8c-cb29c931bdd7"
          },
          "type": "Scope"
        }
      }
    },
    "templateName": ""
  },
  "schemaVersion": "1.0.0.0"
}