{
  "properties": {
    "connectionReferences": {},
    "definition": {
      "$schema": "https://schema.management.azure.com/providers/Microsoft.Logic/schemas/2016-06-01/workflowdefinition.json#",
      "contentVersion": "1.0.0.0",
      "parameters": {
        "$authentication": {
          "defaultValue": {},
          "type": "SecureObject"
        }
      },
      "triggers": {
        "manual": {
          "metadata": {
            "operationMetadataId": "ca345d42-b66d-46f0-b8b9-cc54768bd2cd"
          },
          "type": "Request",
          "kind": "Button",
          "inputs": {
            "schema": {
              "type": "object",
              "properties": {},
              "required": []
            }
          }
        }
      },
      "actions": {
        "Try_-_Get_Access_Token": {
          "actions": {
            "HTTP_-_Get_Azure_Active_Directory_token_": {
              "runAfter": {},
              "metadata": {
                "operationMetadataId": "e6e4e6ca-536d-4ccc-a74f-17b7adb1b4a1"
              },
              "type": "Http",
              "inputs": {
                "method": "POST",
                "uri": "https://login.microsoftonline.com/@{variables('Tentant Id')}/oauth2/token",
                "headers": {
                  "Content-Type": "application/x-www-form-urlencoded"
                },
                "body": "grant_type=client_credentials&\nclient_id=@{variables('Client Id')}&\nclient_secret=@{encodeUriComponent(variables('Access Token'))}&\nresource=https://dev.azuresynapse.net"
              }
            },
            "Parse_JSON": {
              "runAfter": {
                "HTTP_-_Get_Azure_Active_Directory_token_": [
                  "Succeeded"
                ]
              },
              "metadata": {
                "operationMetadataId": "06a7fe65-bad7-4799-bcef-f43e0ab2a01a"
              },
              "type": "ParseJson",
              "inputs": {
                "content": "@body('HTTP_-_Get_Azure_Active_Directory_token_')",
                "schema": {
                  "type": "object",
                  "properties": {
                    "token_type": {
                      "type": "string"
                    },
                    "expires_in": {
                      "type": "string"
                    },
                    "ext_expires_in": {
                      "type": "string"
                    },
                    "expires_on": {
                      "type": "string"
                    },
                    "not_before": {
                      "type": "string"
                    },
                    "resource": {
                      "type": "string"
                    },
                    "access_token": {
                      "type": "string"
                    }
                  }
                }
              }
            },
            "Set_variable_-_Token_Type": {
              "runAfter": {
                "Parse_JSON": [
                  "Succeeded"
                ]
              },
              "metadata": {
                "operationMetadataId": "b6b00539-b243-4554-bdc0-aa3089ca68bc"
              },
              "type": "SetVariable",
              "inputs": {
                "name": "Token Type",
                "value": "@body('Parse_JSON')?['token_type']"
              }
            },
            "Set_variable_-_Access_Token": {
              "runAfter": {
                "Set_variable_-_Token_Type": [
                  "Succeeded"
                ]
              },
              "metadata": {
                "operationMetadataId": "3d819ee1-fda1-4b35-99ac-64ddbaaabf6b"
              },
              "type": "SetVariable",
              "inputs": {
                "name": "Access Token",
                "value": "@body('Parse_JSON')?['access_token']"
              }
            }
          },
          "runAfter": {
            "Initialize_variable_-_Access_Token": [
              "Succeeded"
            ]
          },
          "metadata": {
            "operationMetadataId": "41d38342-0398-4ba4-9c88-c5fbe83d3c11"
          },
          "type": "Scope"
        },
        "Initialize_variable_-_Set_Tentant_Id": {
          "runAfter": {},
          "metadata": {
            "operationMetadataId": "17eca153-5472-485a-895b-3480948816f5"
          },
          "type": "InitializeVariable",
          "inputs": {
            "variables": [
              {
                "name": "Tentant Id",
                "type": "string"
              }
            ]
          }
        },
        "Initialize_variable_-_Set_Client_Id": {
          "runAfter": {
            "Initialize_variable_-_Set_Tentant_Id": [
              "Succeeded"
            ]
          },
          "metadata": {
            "operationMetadataId": "e311b65c-c010-407d-949b-3b687434e8e6"
          },
          "type": "InitializeVariable",
          "inputs": {
            "variables": [
              {
                "name": "Client Id",
                "type": "string"
              }
            ]
          }
        },
        "Initialize_variable_-_Set_Client_Secret": {
          "runAfter": {
            "Initialize_variable_-_Set_Client_Id": [
              "Succeeded"
            ]
          },
          "metadata": {
            "operationMetadataId": "e85fd420-1921-4d7c-9d41-11cb4651da8d"
          },
          "type": "InitializeVariable",
          "inputs": {
            "variables": [
              {
                "name": "Client Secret",
                "type": "string"
              }
            ]
          }
        },
        "Catch_-_Handle_Exceptions": {
          "actions": {},
          "runAfter": {
            "Try_-_Get_Access_Token": [
              "Failed"
            ]
          },
          "metadata": {
            "operationMetadataId": "1336f532-a7e6-47dc-9c70-12b784eb0d9c"
          },
          "type": "Scope"
        },
        "Initialize_variable_-_Token_Type": {
          "runAfter": {
            "Initialize_variable_-_Set_Client_Secret": [
              "Succeeded"
            ]
          },
          "metadata": {
            "operationMetadataId": "7eb4c59e-d3ed-47af-b476-f4810a973615"
          },
          "type": "InitializeVariable",
          "inputs": {
            "variables": [
              {
                "name": "Token Type",
                "type": "string"
              }
            ]
          }
        },
        "Initialize_variable_-_Access_Token": {
          "runAfter": {
            "Initialize_variable_-_Token_Type": [
              "Succeeded"
            ]
          },
          "metadata": {
            "operationMetadataId": "19eae010-c9f5-4415-982f-a49d3de7f79d"
          },
          "type": "InitializeVariable",
          "inputs": {
            "variables": [
              {
                "name": "Access Token",
                "type": "string"
              }
            ]
          }
        },
        "Finally_-_Response": {
          "actions": {
            "Respond_to_a_PowerApp_or_flow": {
              "runAfter": {},
              "metadata": {
                "operationMetadataId": "390c34fc-dc48-4bce-95cf-f32db2dff13f"
              },
              "type": "Response",
              "kind": "PowerApp",
              "inputs": {
                "statusCode": 200,
                "body": {
                  "bearer_token": "@{variables('Token Type')} @{variables('Access Token')}"
                },
                "schema": {
                  "type": "object",
                  "properties": {
                    "bearer_token": {
                      "title": "Bearer Token",
                      "x-ms-dynamically-added": true,
                      "type": "string"
                    }
                  }
                }
              },
              "runtimeConfiguration": {
                "secureData": {
                  "properties": [
                    "inputs"
                  ]
                }
              }
            }
          },
          "runAfter": {
            "Catch_-_Handle_Exceptions": [
              "Succeeded",
              "Skipped"
            ]
          },
          "metadata": {
            "operationMetadataId": "30843106-b768-4844-ab88-dfe62fd0a1ea"
          },
          "type": "Scope"
        }
      }
    },
    "templateName": ""
  },
  "schemaVersion": "1.0.0.0"
}